[{"copyNumber":"123","isAvailable":"Unavailable","isbn":"123456"},{"copyNumber":"124","isAvailable":"Available","isbn":"123457"},{"copyNumber":"125","isAvailable":"Available","isbn":"123458"},{"copyNumber":"126","isAvailable":"Available","isbn":"123456"},{"copyNumber":"127","isAvailable":"Available","isbn":"123456"},{"copyNumber":"2664","isAvailable":"Available","isbn":"147852"},{"copyNumber":"3456","isAvailable":"Unavailable","isbn":"123412412512"},{"copyNumber":"2222","isAvailable":"Unavailable","isbn":"123412412512"},{"copyNumber":"3244","isAvailable":"Available","isbn":"147852"}]