[{"title":"Java","isbn":"123456","description":"Java book"},{"title":"Java 2nd","isbn":"123457","description":"Java book"},{"title":"Java 3rd","isbn":"123458","description":"Java book"},{"title":"English","isbn":"123412412512","description":"Geography test teste","authors":[{"firstName":"Erkhbold","lastName":"Batkhuyag","bio":"Student of Maharishi University of Management"}]},{"title":"Java 5th","isbn":"147852","description":"Java","authors":[{"firstName":"Evan","lastName":"Marke","bio":"hi all"}]}]