[{"firstName":"Roshan","lastName":"Chaudhary","phone":["123"],"addresses":[],"id":1,"password":"123","roles":["ADMIN","LIBRARIAN","MEMBER"]},{"firstName":"Mostafijur","lastName":"Rehaman","phone":["123"],"addresses":[],"id":2,"password":"123","roles":["ADMIN","MEMBER"]},{"firstName":"Sunil","lastName":"Thapa","phone":["1234567899"],"addresses":[{"street":"s","city":"ad","state":"Arizona","zipCode":52557}],"id":3,"roles":["MEMBER"]},{"firstName":"Negan","lastName":"WalkingDead","phone":["1234567892"],"addresses":[{"street":"def","city":"abc","state":"Arizona","zipCode":52557}],"id":4,"password":"123","roles":["MEMBER","LIBRARIAN"]},{"firstName":"Maharishi","lastName":"Yogi","phone":["9813890385"],"addresses":[{"street":"1000 N 4th Stree","city":"Fairfield","state":"Arkansas","zipCode":52557}],"id":5,"roles":["MEMBER"]}]